<BusinessObjectHelper name="BoHelperTourVisitCockpit" schemaVersion="1.1">
  <SimpleProperties>
    <SimpleProperty name="pKey" type="DomPKey" />
    <SimpleProperty name="CollapseState_CardContactDetails" type="DomBool" />
    <SimpleProperty name="CollapseState_CardOrderHistory" type="DomBool" />
    <SimpleProperty name="CollapseState_CardDeliveryDocuments" type="DomBool" />
    <SimpleProperty name="CollapseState_CardVisitSummary" type="DomBool" />
    <SimpleProperty name="cardVisitSummary_Status" type="DomString" />
    <SimpleProperty name="cardVisitSummary_Date" type="DomString" />
    <SimpleProperty name="cardVisitSummary_Time" type="DomString" />
    <SimpleProperty name="cardVisitSummary_Duration" type="DomString" />
    <SimpleProperty name="isTourUser" type="DomBool" />
    <SimpleProperty name="numberOfListItems" type="DomInteger" />
  </SimpleProperties>
  <Methods>
    <Method name="beforeCreateAsync" />
    <Method name="afterCreateAsync" />
    <Method name="createAsync" />
    <Method name="isCardVisible" />
    <Method name="isCardCollapsible" />
    <Method name="createVisitSummary" />
    <Method name="getDisplayedSubcomponentName" />
    <Method name="getCockpitListCounter" />
    <Method name="reduceNumberOfListItems" />
  </Methods>
</BusinessObjectHelper>